1.435975880309257935e+00,2.094293297116607278e-01
7.727630964506024824e+00,1.554774736779495292e+00
-3.183763727717137559e+00,-1.225024464381993639e+00
-2.446403950135905703e+01,-2.711900975250971513e+00
7.593042720463889061e+00,1.499781573736311380e+00
-2.775819051935999937e+01,-2.853647601309871273e+00
-2.216132579744371611e+00,-1.041671734644897818e+00
-3.660427445934490986e-01,-6.154641597684369358e-01
2.759879559584506037e+00,7.349328986620955462e-01
4.256044258484968701e+00,1.010838225881998120e+00
2.115513210075684603e-01,-3.410244620163034313e-01
-7.715557556131368289e-01,-7.182653718027331990e-01
2.058859332233781814e+00,4.985851119684516775e-01
-3.098970649108104602e+00,-1.203486108913413677e+00
3.335045702983179261e+00,8.575852393287926034e-01
-3.281999483318551292e+00,-1.226706462096378569e+00
9.127901130249846062e+00,1.678068792903707696e+00
-8.772691228172591948e+00,-1.829349863745495908e+00
-1.453467140189122198e+01,-2.231320671565825808e+00
2.179054331234630659e+00,5.274451498936647553e-01
-2.218724388055760954e+01,-2.617836051377069317e+00
1.647001300402713309e+00,2.647221343703463070e-01
2.403839777742139194e+00,6.143615908258603930e-01
-3.280942157245684054e+00,-1.206744266434536916e+00
6.536948288391266182e+00,1.390034480513302029e+00
8.900401102759909477e-01,-6.815218811045298253e-03
8.044488560529579502e+00,1.583864635366380114e+00
-2.704054885059169422e+01,-2.820172834483341440e+00
-1.179412918789912013e+01,-2.049870211817944821e+00
5.192120182829685682e+00,1.218094855942744914e+00
-1.768327352856303269e+00,-9.932842222380164898e-01
-2.502945203612705072e+01,-2.732350739020054320e+00
-1.117252113765353272e+01,-2.006724876328500606e+00
6.272292794130944316e+00,1.379432098584198130e+00
-5.756793048069705598e+00,-1.535932245464941559e+00
4.752196794316803974e+00,1.114417718548961211e+00
2.376286605784001082e+00,5.623663070180833223e-01
-4.581023265334817074e-01,-6.468769835967158599e-01
8.477458905868944683e+00,1.628126303665162311e+00
-5.818545848554842692e+00,-1.542787332776944798e+00
9.928370329512183901e+00,1.749981708905909095e+00
2.185912662384677407e+00,5.031463819627397527e-01
6.504663011268950967e+00,1.399966253626097945e+00
-3.844661877253910398e-01,-5.723510246220566700e-01
-7.309868837681699816e+00,-1.695276561856365438e+00
-2.051124023296473453e+01,-2.547841195513940171e+00
7.977056991804389874e+00,1.552852927859716736e+00
1.448752191036467796e+00,1.621507202790914981e-01
-4.778936836857765158e+00,-1.430926614279680154e+00
8.247266304488983124e+00,1.600855234268201421e+00
1.976850342190271004e+00,4.100347128686072651e-01
4.745827111045423097e-01,-3.075025604833427906e-01
-5.836713585158641138e+00,-1.553357733688586872e+00
3.675444120932037428e+00,9.339875123147471925e-01
-4.043098209672190357e+00,-1.342330133739181530e+00
-1.936978946267230217e+00,-1.010768926191368378e+00
-7.312677423800472809e+00,-1.690693939733307172e+00
-9.796152111500131099e+00,-1.903977921979980170e+00
2.668140980183429267e+00,6.568336785039057268e-01
4.015278971231404981e+00,9.952995733963319047e-01
1.130825127087350168e+00,1.183310917925091132e-01
-3.546440705233597335e+00,-1.259528993077027703e+00
5.262520374105979393e+00,1.212620980397809411e+00
-5.757521379988545185e+00,-1.538674371036733657e+00
-4.981540266738000433e+00,-1.473543825049474787e+00
1.532143766050609646e+00,2.508167848897748797e-01
1.339307023514288986e+00,1.730055103781777959e-01
-3.000817938692176945e+00,-1.208108746021007374e+00
2.639253762018659022e-01,-3.658738281279161342e-01
-6.138488727541727030e+00,-1.584930408914565714e+00
-3.059461643839168232e+01,-2.947470904602570663e+00
1.274888348136973804e+01,1.988983065081349366e+00
-1.545892265160212053e+00,-9.019823032809508589e-01
-9.578908875136967538e+00,-1.893757292805627435e+00
9.976432689280876787e+00,1.762728352628971429e+00
4.181440788759010374e+00,1.050239886167774195e+00
-1.407102794329718520e+01,-2.211265667778234523e+00
1.324694968388960614e+00,8.997871781968846960e-02
1.226154911095589028e+01,1.946315612293129327e+00
8.984421057265665311e+00,1.669921393645481089e+00
1.145434190912572525e+01,1.891871583427577441e+00
-1.042869315279931364e+01,-1.958772650754177613e+00
-2.122020522656605479e+01,-2.563535154735828936e+00
9.582338132607953085e+00,1.722744568301432189e+00
2.286680076530252403e+00,5.363430789319409975e-01
-1.928079696323512948e+01,-2.479615907137022290e+00
-5.767095451675366746e+00,-1.544742096323317826e+00
-6.248924505301766130e-01,-6.638429917739721020e-01
-2.939008537319682191e+01,-2.905507885493747278e+00
6.208225010095500096e+00,1.340152164019674075e+00
5.460385375366489491e+00,1.267385667637524804e+00
1.269909034046124319e+01,1.981199734692350667e+00
1.131905401044401138e+01,1.873561768147815165e+00
9.388979299378905630e-01,-1.573103855887181268e-02
-2.212205955190604456e+01,-2.619160032237562774e+00
2.364217428493960327e+00,5.816022642871887527e-01
-1.355136828068391308e+00,-9.039383218660432817e-01
3.960219485911753878e+00,9.783118762487204023e-01
7.504752856430383368e-01,-1.550626388513882681e-01
-1.102191257330172425e+00,-7.571245828933577116e-01
-2.885987799117199870e+01,-2.888888697648015480e+00
3.765277749387166306e+00,9.868777215814796833e-01
-3.313531582659551278e-01,-5.893747612126287727e-01
7.208103370133621679e-01,-1.573559829527844123e-01
5.258846205387246009e+00,1.222589017633286090e+00
8.843872133509987910e-01,3.488881569853274911e-02
-6.262538910154106908e+00,-1.577429579310009711e+00
-1.224589882443006061e+01,-2.087043922117116423e+00
1.170830447619708181e+01,1.903372402527897300e+00
-6.779083141826232506e+00,-1.651999598645642831e+00
1.151875138332565607e+00,6.723787243144796477e-02
1.023642824589729550e+01,1.769333743835741046e+00
1.454551991439144265e+00,2.591772206009590462e-01
1.999304072309330271e+00,4.157882123432758981e-01
7.472462246709443701e-01,-1.403561643395541125e-01
-7.746905155963426992e+00,-1.744551344756579248e+00
5.075451875683808289e+00,1.209266007882279226e+00
9.238514933382261374e-01,-4.897972627951485691e-02
7.872947733780693014e+00,1.548909335955710453e+00
-3.971383167875817688e-01,-6.217145819689195996e-01
-2.849485933606382559e+01,-2.877549325953938197e+00
1.163269647171569110e+00,1.423673223340302663e-01
1.324376176233172719e+00,8.827796773289975363e-02
8.946539289029914466e-01,-7.021403180605467753e-02
1.174990432430372683e-01,-4.385159862950809284e-01
1.351040259466179672e+00,2.027136047916182626e-01
1.094141270498337315e+00,-5.394238815983287694e-02
-2.976601776617501471e+01,-2.923973269923866969e+00
-2.640255952151403296e+00,-1.109705447571620152e+00
1.953914644385509325e+00,4.683837028782904532e-01
-3.031112706386171585e+00,-1.168620521079603236e+00
-1.668033829486751074e+01,-2.355640800969935000e+00
3.928057070558848896e+00,1.011129435334349402e+00
-5.881930088194812001e+00,-1.552613102785007637e+00
-3.551926352196851600e+00,-1.275478707871786632e+00
1.393989699440913776e+00,2.503583217567069141e-01
-6.750993602598731158e+00,-1.641865902505457830e+00
-2.414023521097616154e+01,-2.700453627990144767e+00
1.052747831498452236e+01,1.811504086212503140e+00
-2.051754730499633972e+00,-1.052084922232372488e+00
7.383985262269012750e-01,-1.476970378572639575e-01
9.969818970809471992e+00,1.760980372191502497e+00
4.052603023492095780e+00,1.028928053356132466e+00
1.548780465498155734e-01,-2.670234239523781028e-01
1.926256210306377836e+00,4.086620759701729000e-01
7.046985997029173165e-02,-4.781578964003685428e-01
2.504268252023327257e+00,6.966495389731095500e-01
4.480506137317135540e+00,1.068295144429708188e+00
6.332501537076581144e+00,1.392000729310299612e+00
-1.773726015785089416e+01,-2.400448459898958387e+00
-1.436755133216595048e+01,-2.223519784858210002e+00
8.489577667310388431e-01,-9.649988945973575483e-02
1.106034875017082975e+01,1.862794101275028424e+00
7.101339143816667310e+00,1.467217286542547683e+00
7.307055741840715601e-01,-1.271136719376606550e-01
2.860084122804812168e+00,7.382828639334757526e-01
-3.701049736839610027e-01,-6.145986487123673569e-01
6.006942737389760367e+00,1.339256972472369078e+00
1.541878896332401494e+00,2.619102046476564638e-01
2.481660983073596505e+00,6.583760418846673623e-01
2.470597431886159434e+00,5.785481982647358024e-01
-1.087286171517042810e+01,-1.985953379560304821e+00
4.075669879606276247e+00,1.009873867337986120e+00
-1.645369413578677609e+01,-2.344436416942034640e+00
1.109087459044538271e+01,1.854726171351881447e+00
5.829913428648636931e+00,1.301526677511590790e+00
9.893733718712485192e-01,-1.713384609848489504e-02
3.300622206260583891e+00,7.962566813491389617e-01
-1.724968635171707732e+01,-2.380732365705459319e+00
-2.652734781312307177e+01,-2.801289914985733098e+00
-1.176721318237656710e+01,-2.058627571080066332e+00
1.636170199763679944e+00,3.212284539999492594e-01
-4.633918273066714555e+00,-1.403611543131586537e+00
-5.531663787459600634e+00,-1.501271379618570156e+00
-1.025134170368095354e+01,-1.948614168054301210e+00
1.024519974980770964e+00,8.835400969310569508e-02
-1.953285515389482807e+00,-9.726476919344175798e-01
1.371569379784062237e+00,1.836008827728559112e-01
-5.548937575494226060e+00,-1.520020963466578001e+00
6.213659038025764580e+00,1.340660078967745861e+00
5.577788585523566489e-01,-2.629453498761451513e-01
1.543986630509675217e+00,2.431354541856407536e-01
-9.243998683324297971e+00,-1.868820729127293578e+00
1.285956906665929100e+00,1.278659178131063001e-01
-9.733603799387267941e+00,-1.890662615605160024e+00
-1.796845338460623864e+01,-2.409421668647403703e+00
7.906879474026626831e-01,-1.099881747369146900e-01
1.173089117281331362e+01,1.910584920081807248e+00
7.120535555830357355e-01,-1.436862904008382458e-01
-5.843300023000997712e+00,-1.539694017392448488e+00
4.502240026717855947e+00,1.062464271052571796e+00
-3.069786304302710533e+01,-2.951346613084492532e+00
3.235485266683487460e+00,8.393663102578474700e-01
-3.131929687759462122e-01,-5.873912275970294417e-01
1.640516011373206018e+00,3.053554000214910857e-01
9.824212067761448619e-01,-1.088268415926556543e-01
4.711770546159834261e+00,1.123275960727871947e+00
-2.663594859302638440e+01,-2.803266042805195646e+00
4.705425738749977604e+00,1.135764631014622772e+00
-1.634935996258857926e+01,-2.332343075245755237e+00
-1.302569095024633583e+01,-2.137235689638832259e+00
-8.576905546835149607e-01,-7.435231747189265938e-01
-2.017133085803580972e+00,-1.001105331350373273e+00
-5.446660228865290776e+00,-1.536150057943292957e+00
-8.635590347892701857e+00,-1.831466197927110295e+00
-6.362237525989314912e-01,-6.403074895972955538e-01
-2.830855665481842820e+01,-2.865512914707562864e+00
4.196488378881388925e-01,-2.685514575484670985e-01
1.520835009737531607e+00,2.063519750144382492e-01
-7.652381842077708107e+00,-1.734986257874953086e+00
-1.487428724408338621e+00,-8.562295355582154599e-01
2.534987540178256449e+00,6.571762083496577311e-01
-8.211731141685012503e+00,-1.786157796820873056e+00
7.266802821341185492e+00,1.496466461218255439e+00
3.478921644159554294e+00,8.766625706536119722e-01
-4.289233203201406219e+00,-1.354355932275644436e+00
3.236578008777206250e+00,8.098387899813124235e-01
-1.672157560056825254e+00,-9.133073790860777308e-01
-1.275933110948160554e+01,-2.111935737023665105e+00
-1.297180569026736485e+01,-2.125822639126839331e+00
-1.178535575017164660e+01,-2.062661698761400597e+00
1.313678826037377956e+00,1.552185184032932597e-01
-4.002916512162895124e+00,-1.317391051495331311e+00
1.067293040127545334e+00,4.671766019907197531e-02
-5.023222301943040868e+00,-1.459555936482557215e+00
2.269736845202435127e+00,5.529696081145378805e-01
-3.557321457399604370e+00,-1.249652854682381520e+00
-1.152507004861481832e+01,-2.027928920164734361e+00
-1.634417275200795938e+00,-9.491906484061014559e-01
-1.309638332693443985e+01,-2.138221386699229676e+00
1.108701595989404609e+01,1.862235054564527204e+00
-5.867730297874027556e-01,-6.213095290862908904e-01
-8.533845960681523124e+00,-1.816611094841757978e+00
1.299948417537656331e+00,1.435091393556842121e-01
-1.271682573421965223e+01,-2.102376592196597116e+00
1.247531470604210391e+01,1.967256006228419452e+00
3.754881311692030543e+00,9.392072797103656612e-01
4.111413139850667697e+00,1.001895604612462520e+00
-2.230947779479028004e+00,-1.039664774590805640e+00
-6.916780700307971763e+00,-1.667762853120902111e+00
-9.843693196182730532e+00,-1.915509227184379881e+00
5.754981183954023471e+00,1.295198103257400923e+00
-1.654397292993939672e+01,-2.334961214712718114e+00
1.002763638320001816e+00,-3.304916899733534308e-02
7.807720695049704673e-01,-1.216066736452838803e-01
5.928935686352103662e-01,-1.670161221375687788e-01
2.448473877958782019e+00,5.979725304076808357e-01
-2.175952223508534900e+01,-2.601233004850127095e+00
-1.166082221841758138e+00,-7.795368033780376571e-01
-4.360250793375451295e+00,-1.372424120233345590e+00
8.000712894717631585e+00,1.575267617618740346e+00
8.989449774533002646e-01,-1.345323183392301836e-01
7.164057623591042478e+00,1.491235823663602744e+00
-1.505613384331719828e+01,-2.259257034509622564e+00
4.552778016913570980e+00,1.083773337588040064e+00
2.150292889218211378e+00,5.210079442934443250e-01
-1.529067508245307128e+00,-9.107745123732478021e-01
-1.358294660695063216e+00,-9.012840031473539071e-01
5.521868834840627294e+00,1.275499868216695809e+00
8.550762226466671834e+00,1.631618501707730928e+00
-2.973847146042649925e+01,-2.924878477858867676e+00
-2.822389180861769020e+01,-2.863927051176688110e+00
8.190713536278503071e+00,1.594133912657962782e+00
-1.389621353083142274e+01,-2.187703492173182163e+00
8.768927442506693204e-01,-7.197732533515388553e-02
-1.091837193099463654e+01,-1.994188040797135741e+00
3.572137957030649957e+00,8.908349134539781389e-01
-2.279911502608462648e+00,-1.055702634435639720e+00
-2.117396358309143878e+01,-2.570330503249271370e+00
4.271585396300547011e+00,1.068372651529554851e+00
7.401912906612980514e+00,1.503785103789702760e+00
3.924598505761452749e+00,9.659111952667154277e-01
1.867667177557262637e+00,3.741536458171594859e-01
4.142928704622855562e+00,1.048419758097232091e+00
-5.068061403092527506e-01,-6.363664712500827214e-01
1.039179227960635288e+01,1.807372955902801337e+00
1.565984187012738671e+00,2.668348684028898354e-01
5.897194971535765440e+00,1.315877334780862995e+00
-2.272468726692287166e+00,-1.061223050447210881e+00
2.915123462406817190e+00,6.981262513190893415e-01
3.457382333790563755e-02,-3.979396098323273456e-01
5.915526742359483947e+00,1.301255965184218155e+00
-1.257035915568538620e+01,-2.112434809579043726e+00
-3.798730345185454826e-01,-5.831809014312572259e-01
-1.074373786865101188e+01,-1.983258339882631560e+00
1.081931798107549092e+01,1.841674257350638833e+00
9.986035260141083114e+00,1.763895949138428954e+00
-2.635850392345230020e+01,-2.797596670443924793e+00
-2.368196015231922757e+01,-2.680652810466505720e+00
-1.536511712689757836e+01,-2.267781587628608264e+00
8.274410244830755767e-02,-4.264289899497395453e-01
-7.556268932469139443e+00,-1.738847031300769341e+00
8.954362541363666494e+00,1.654247976177154023e+00
-1.214855336805301889e+00,-8.365381827594466913e-01
5.800786225636806570e+00,1.310605713838077335e+00
2.779540979535928269e-01,-3.161141162806142546e-01
-9.749797942951196617e-02,-4.701893437165187706e-01
-3.024592497088186338e+00,-1.156867004772148544e+00
2.864055050182118478e+00,7.081065227889102864e-01
8.246780855616352435e-01,-1.278872086489153403e-01
-1.146631582828372764e+01,-2.032524552308753840e+00
2.576793887797391491e+00,6.993964428515315745e-01
-1.285485889224495359e+01,-2.123621034252373363e+00
-7.785563737000119389e+00,-1.741762511599545649e+00
-1.377966858414614926e+01,-2.194034287817732576e+00
-5.608935098149602227e-01,-6.109287198672426200e-01
2.910904596026082647e+00,7.684920887404467216e-01
-4.453250238227879354e-01,-5.652683696762244026e-01
-3.407270790016654782e+00,-1.217396892205690140e+00
-8.088088349929145604e-01,-7.723085320750815441e-01
1.896904462812878167e+00,3.926529426590028571e-01
7.314824166264640937e+00,1.497079664890383022e+00
3.560573907422560858e+00,9.216625138019511887e-01
3.224479079106223001e+00,8.390138307242578364e-01
-7.858775660301032140e+00,-1.761544512211735247e+00
-5.602686610662200195e+00,-1.544056021965383163e+00
9.075531929917914908e+00,1.685929718967225099e+00
-3.111429980621784885e+00,-1.221209649461828750e+00
-2.268568800334694657e+00,-1.033944796821173018e+00
8.117419904029709699e+00,1.586112972780844288e+00
2.578327214874734707e+00,7.044968384936911576e-01
1.243605096944472166e+01,1.952507379936172960e+00
-2.491996428992948320e-01,-5.305569971879156022e-01
-2.455476575067352951e-01,-5.177853791126807437e-01
-2.022603661420076548e+01,-2.533197860119533740e+00
5.172126680579519631e-01,-3.111431194947562595e-01
-3.293857540525205962e+00,-1.205145256552495603e+00
6.813264155177513048e-01,-2.564354968805062640e-01
1.083791892748839558e+01,1.840285010561637513e+00
-6.997523758240012270e+00,-1.676394343430092748e+00
-4.454221124151358069e+00,-1.382690203322793465e+00
4.626968260510876618e+00,1.157747613972570200e+00
3.000535592110849858e+00,7.656629341299350244e-01
4.120713493759323498e+00,1.012347342649912108e+00
1.013155008951214775e+01,1.780307281035978129e+00
-4.053102089907825029e-02,-4.909853165299074007e-01
5.636378582409998117e+00,1.267474016959592831e+00
-2.962207513740532594e+00,-1.194424352245890830e+00
-3.459904475581764505e+00,-1.260650151080214387e+00
2.095798942711132096e+00,4.599283490814962683e-01
-3.167469687388715016e+01,-2.997149941863028300e+00
5.108207733504332104e+00,1.192294164532747835e+00
-2.430692756382131137e+01,-2.711528310885664261e+00
4.662972571870588112e+00,1.131921281750794428e+00
7.307962123694508705e+00,1.484929322596459933e+00
-1.224587542063437506e-01,-4.386698824485719683e-01
-1.122983255301961769e+01,-2.015430485426651597e+00
6.612339097377756048e+00,1.405031285405141439e+00
-2.989620731120853359e-01,-5.809228852610810456e-01
-1.169101775199433746e+01,-2.046109301704323258e+00
4.560902134976276834e+00,1.117467018715185390e+00
-1.178024808776732968e+01,-2.050736765184050459e+00
-2.716150540943557123e-01,-5.923430800606754865e-01
-9.251087028632477782e+00,-1.854776807402937600e+00
-4.545572681495751333e+00,-1.377034752885125890e+00
7.251977897934819950e+00,1.468980263376357343e+00
1.432481792938326282e-01,-3.384892104992300865e-01
-2.657392776079655050e+01,-2.804604658527092287e+00
3.985335048321886120e+00,9.458792437343843673e-01
-6.199144425877768150e+00,-1.598991087130407607e+00
-2.445135787858684751e+01,-2.716632391167472793e+00
2.361671829985630744e+00,5.634523961778259427e-01
1.813194571944004130e+00,3.039885391886154586e-01
-8.802834193658455320e+00,-1.829432075140699165e+00
-5.550100305655593758e+00,-1.519167654482228791e+00
1.145542445322876857e+00,1.074665677455048929e-01
2.265514641538019791e-01,-3.282049541090144018e-01
1.509992420284903825e-01,-3.696669285831784002e-01
1.386602806061662863e+00,1.134800143700669395e-01
2.194596008808698429e+00,5.302148478633332829e-01
6.558275483865302902e-02,-4.073236550864027805e-01
-2.710181436653817499e+00,-1.129150551776600508e+00
-1.006681878810301356e+01,-1.927677126682435071e+00
-4.171366314805013076e+00,-1.353867098687050685e+00
-1.174428517150006401e+00,-8.281490173902401608e-01
1.578391293653865768e+00,2.733814643878007544e-01
2.259647097453114650e-01,-4.081742501843681481e-01
-1.589220953340509368e+01,-2.302465152309308927e+00
2.728820326813475639e+00,7.155528699005229143e-01
5.299349633257348646e-01,-3.006624560328585716e-01
-4.862552355955081396e+00,-1.420939002651331329e+00
-2.280707914480586140e+01,-2.648599319459426837e+00
-2.728593027880456034e+01,-2.830982782130402331e+00
3.739258978650452647e+00,9.140195977308716024e-01
3.931659481907252007e-01,-3.141369518891101720e-01
6.879395428446162697e+00,1.439182099245416069e+00
-5.144354805479505188e-01,-6.433713230721433973e-01
-4.720523532156691182e+00,-1.415172973085504049e+00
-6.317962944925643587e-01,-6.675439213465605981e-01
7.315948053034388998e+00,1.491025196355718840e+00
1.001380189545947097e+01,1.761970923614136986e+00
2.223128552010964931e+00,5.100940146196188962e-01
-1.284173676153884447e+00,-8.550052741651583688e-01
-2.778683343304722086e+01,-2.852749701135794069e+00
6.453846685680405537e-01,-2.474618236214434219e-01
4.562555172584618290e+00,1.091542376754628840e+00
1.037031897271195602e+00,8.076758468609757102e-02
4.387763338551653014e+00,1.086914331220374841e+00
4.933044356715445833e-01,-1.947500233211809650e-01
6.644113126601892461e+00,1.378350557830356315e+00
4.338649585446223256e+00,1.084615303649982820e+00
8.062325088495781999e-01,-6.331488430873077888e-02
-1.730751884183379774e+00,-9.728381164688033600e-01
-6.384416575434292973e-01,-7.093772126968929115e-01
-9.692237203041274896e+00,-1.910807345886076369e+00
5.140940428417754005e-01,-1.631537646145866383e-01
5.441321836611564322e+00,1.250928325791313078e+00
-1.859245554421059266e-01,-5.123133790333893600e-01
-3.407302478576996752e+00,-1.259376220108733513e+00
-9.031180633640635946e+00,-1.851538215106665053e+00
7.482335567683940702e+00,1.504108273892965641e+00
-2.683949869144397127e+01,-2.814879822055833536e+00
-3.368593666131885378e+00,-1.253672792515165835e+00
-2.975449496297578378e+01,-2.923744891579258542e+00
7.588202979762029621e+00,1.528863659087520865e+00
-2.106956997391912978e+01,-2.561156279744565278e+00
1.567328300255147022e+00,2.688343506150392415e-01
3.861451224701337281e+00,9.582992905878624512e-01
-8.068861942980443125e-01,-7.315463124634646874e-01
1.466321043220044862e+00,2.204201904683942281e-01
8.765112651944040323e+00,1.635340769587198650e+00
-9.237649317805294302e+00,-1.867267813660560938e+00
1.409821468593345895e+00,2.371131770553498441e-01
8.410441304478682989e-01,-6.368976849651319938e-02
4.124955925501007314e+00,1.028423235588136642e+00
3.207230982385659068e+00,8.245974812042504709e-01
-1.825530963806781770e+01,-2.430171548905386558e+00
6.689920162484364496e+00,1.427939031213795396e+00
8.268215071855449239e+00,1.592361770258539977e+00
-1.465194671510328384e+01,-2.237961330885106292e+00
-3.148753897951376146e+01,-2.980445811905785725e+00
1.119660017757272641e+01,1.863622135826751069e+00
3.721880941761972483e+00,9.286630770710995186e-01
-3.301615189804357087e+00,-1.218355041863732335e+00
-3.875676265328869441e+00,-1.309280841531713868e+00
-4.468655297668212789e+00,-1.386454757502142421e+00
-7.375846502578782271e+00,-1.699534475989036952e+00
-2.204509637320877502e+01,-2.618325053491170173e+00
-1.535671020319725910e+00,-9.071208162474970749e-01
4.694441425589463535e+00,1.123394539355679456e+00
2.100961064227453434e+00,4.975295451147485615e-01
-3.521792265073818151e-01,-5.904570875919272765e-01
3.559973420785733644e+00,9.040183780362260890e-01
1.683694856455907773e+00,3.480692689655850991e-01
8.662820650245855347e+00,1.631596859787300957e+00
5.904716196334490741e-01,-1.679640129706285734e-01
-1.158815820427664001e+01,-2.041861225993194751e+00
9.735719944198123699e+00,1.733424127585996288e+00
1.795265334638257215e+00,4.018265633548070426e-01
-2.389159977302671933e+01,-2.687209341337083224e+00
-1.751461356833191374e+00,-9.572536724339859582e-01
1.459834286294872996e+00,2.344909599390794241e-01
4.575366396931754842e+00,1.100961809308395267e+00
1.109191610527854266e+01,1.858465290017349503e+00
3.323564782823271280e+00,8.558704189503680837e-01
-9.291836904800071295e+00,-1.867693651359235263e+00
8.142567749387352727e-01,-4.910267109286836629e-02
-6.188546597708524999e+00,-1.585103147041435623e+00
5.665659423309952203e-01,-1.580274301695183681e-01
-3.833309756978488636e+00,-1.323690739511221404e+00
7.680522249484505792e+00,1.529402809805217700e+00
-1.344341052337787090e+01,-2.156400708952683321e+00
6.569013969131028974e-01,-1.271732840076733595e-01
-1.749252081255699309e+01,-2.400511788797348167e+00
-1.078779270688752767e+01,-1.976997253839479995e+00
-1.728184264896177047e-01,-5.377522182225749070e-01
9.108444402743941737e+00,1.684000104003157361e+00
9.469083005667021880e+00,1.713484689592309707e+00
6.488651739650243000e-01,-7.872172718356518217e-02
1.073112307449268243e+01,1.818406343599102470e+00
3.411665526262458226e+00,8.832719889324835982e-01
-8.770927111414925648e+00,-1.814058301814476248e+00
-1.436707425459538001e-01,-5.808131608126769763e-01
-6.113651604526659789e+00,-1.576953743189255075e+00
-6.848268717490741508e+00,-1.642964962808311613e+00
1.557921187600457058e+00,3.411805436772921141e-01
-9.294364261814600070e+00,-1.865544771422892989e+00
2.168686632970191042e+00,5.713656974124203813e-01
-3.385651751145199118e+00,-1.246975361264899940e+00
5.643607806811666627e+00,1.303092248422004218e+00
-8.389614033774661195e+00,-1.813995099784950771e+00
-1.679342473099889332e+01,-2.357576933588196866e+00
2.949844677961380057e+00,7.137961078073673526e-01
1.060254188410292464e+01,1.826907396173068854e+00
8.066284354295596870e+00,1.576699009191377954e+00
-2.654094638774939785e+00,-1.130626843813212989e+00
8.821550918294891463e-01,-6.105612603059551446e-02
1.028712766908601317e+01,1.787536938523401453e+00
-1.066316795887917657e+01,-1.984297714444754446e+00
-1.552262153500863384e+01,-2.275462449315481361e+00
1.023024467083966194e+01,1.784470316299106685e+00
8.899058225428648328e+00,1.645962100286697094e+00
9.514051239386809300e+00,1.717639651738289253e+00
1.179351687077594635e+00,5.510805670968954573e-02
-1.294017345505732308e+01,-2.125442719505374889e+00
5.259486081545730052e+00,1.195573702839595853e+00
2.082992041596584798e+00,4.709051855134624986e-01
-1.716924933133597975e+01,-2.378464592944729006e+00
1.104598943755004115e+01,1.846456878651609124e+00
-1.447980394087565514e+00,-8.708358686322492659e-01
-1.874228174948628833e+01,-2.466150432135417958e+00
-1.046916444323198370e+01,-1.960194635858851786e+00
7.947939141308565936e-02,-4.035467523994551442e-01
-1.908820827437627798e+01,-2.475628347408618701e+00
-4.012263004881248207e+00,-1.324587164231926906e+00
6.300180580019420162e+00,1.372717129831552363e+00
-8.660420437803568738e-01,-7.371846237193842022e-01
3.032396455521563783e-01,-2.946170719691978412e-01
1.508206198673437637e+00,1.553241506967606433e-01
-9.163610532170731737e-01,-7.289782578482748576e-01
-1.747904271314570579e+01,-2.388099608500144022e+00
5.803437690372681423e-02,-4.031163304592513263e-01
8.646259819353224740e-01,-8.350370729607803355e-02
-7.554315929934600327e+00,-1.713667293392228785e+00
-2.478110466429294689e+01,-2.729010090310065806e+00
-2.973420999566138434e+01,-2.914957996780710658e+00
3.415705141795662425e-01,-3.655576620730069948e-01
1.902255301140980404e+00,4.180287130003899065e-01
9.192021934780989056e+00,1.681720535632508451e+00
-1.082144562252953435e+01,-1.986493890912357507e+00
-7.827214326939571087e-01,-7.118792151420527681e-01
2.979217863721902670e+00,7.620421597998459085e-01
7.785317181013103216e+00,1.558712281823807722e+00
-2.974193728321372632e+00,-1.175078179575945292e+00
5.909794293418567657e-01,-1.890274153386406475e-01
-4.080187061212804167e+00,-1.327388772496810976e+00
-1.240808495321486582e+01,-2.098903856108503163e+00
2.264304095745223455e-01,-3.880816237976274508e-01
4.413802943033770632e+00,1.063580074321000879e+00
1.476991767810799105e+00,2.537436921463491757e-01
-3.176791444641871021e+00,-1.214458995676779285e+00
1.818593797086682118e+00,3.802230753725099888e-01
-1.258393899304168784e+00,-8.684215944152260391e-01
-5.085452720468508048e+00,-1.455443569141585680e+00
-8.848691954494350753e+00,-1.834604720246484355e+00
1.868426754023562175e+00,3.407469870710344573e-01
-6.225934766272318566e-01,-6.556037713393978450e-01
3.526894981295797926e+00,9.068538106257655329e-01
1.216178417738537298e+00,8.005873488346981759e-02
-2.188285446868639961e-01,-4.793779660182253544e-01
-1.769272144804467572e+01,-2.411483070030750131e+00
1.156776560120781738e+01,1.885349382818924724e+00
1.709463654732701343e-02,-3.528434529481225823e-01
-4.658839797662849946e+00,-1.428397786961860483e+00
-2.052329648756185421e+01,-2.537025700330998834e+00
8.382702751709556477e-01,-1.133122043414460656e-01
3.949668214826607127e-02,-4.067424406088067101e-01
-1.122900613383669643e+00,-7.883535751758437016e-01
-2.193424150040468135e+01,-2.608474976359308695e+00
-2.294349030976155035e+01,-2.651577977860361646e+00
1.014189992430708287e+00,-8.924250904152630781e-02
-1.640846741069825754e+01,-2.338903636489887639e+00
4.342170099616306622e+00,1.054860801311045648e+00
5.198074267267251969e+00,1.190530548902996699e+00
-1.025556125776003036e+01,-1.940705576060934412e+00
-7.949458948214360277e+00,-1.767509084861448532e+00
-1.977508408985802602e+00,-9.701107759480156467e-01
-1.377261991952744857e+01,-2.173801173066705061e+00
-2.919313661120723324e+01,-2.903323030364905577e+00
-1.256477991786433357e+01,-2.113478390633855675e+00
-3.140110573926433446e+01,-2.979955442658894782e+00
-1.105552456278361007e+01,-2.008582042885757701e+00
-8.118353999938204169e+00,-1.787035312067108528e+00
3.905627534563543612e+00,9.901338041295746351e-01
1.026956438197734744e-01,-3.398596169857093230e-01
9.834581783076894013e+00,1.766005509742298862e+00
1.063963041196229531e+00,-5.533320135082231417e-03
1.009556725951221345e+01,1.765742094062265011e+00
-1.518093239203604838e+01,-2.266791375757386540e+00
-4.736644854842467223e-02,-4.518107612231698766e-01
-7.840505010465829983e-02,-4.825014369104141387e-01
4.203230281878185259e+00,1.062593545305619003e+00
-1.012613425839045966e+01,-1.948216994295774551e+00
2.786311953710574496e+00,7.256343612651092734e-01
1.848221403680047947e+00,4.356645294510119726e-01
-1.705306738381608511e+01,-2.365586513157758031e+00
-5.361654143784459592e+00,-1.486609978337381621e+00
-1.695336070168836695e+00,-9.625885387567691964e-01
1.213878381455219646e+01,1.942122126949172412e+00
1.259343282930991137e+01,1.966594008134231686e+00
-3.127840961914717166e+00,-1.211310187537429472e+00
-7.759573977118507493e+00,-1.742792635180280936e+00
7.870813908712506191e+00,1.543328663002276002e+00
-2.910589763037053412e+00,-1.203656962470820435e+00
5.199826480956279973e+00,1.191811347164561496e+00
1.183232838546992793e+00,7.091030263180364557e-03
-5.053788258166397540e+00,-1.436481062262245478e+00
5.615414075321822907e+00,1.321602846287642130e+00
-1.074221725933308491e+01,-1.981511655076095391e+00
4.886530890324041754e-01,-2.488926579052037624e-01
2.881665852361105618e+00,6.973815491154526924e-01
4.735465994272067825e+00,1.142503429434390760e+00
-9.848938042529852055e+00,-1.913621063361659047e+00
-2.773751758629058628e+01,-2.848402715814565500e+00
-6.558238505482307801e+00,-1.620788135603444369e+00
1.180826521014473762e+01,1.908175127195747223e+00
-1.162889213451020787e+01,-2.033460295033130194e+00
2.763470659781243066e-01,-3.717920182616474278e-01
8.150804309595800490e+00,1.582957834784504136e+00
-3.154940909977148045e-01,-5.501565479186889540e-01
6.018685043908240218e+00,1.343112116868998562e+00
2.179605700244606759e+00,5.112472274076056422e-01
-1.204631925333087850e+01,-2.060326938814023734e+00
2.446735297707135715e+00,6.112753409586959563e-01
2.903474394250042945e-01,-2.915381750921119952e-01
2.727117180184579048e+00,6.425701346265531022e-01
-3.955494842055752858e-01,-6.483745103991775949e-01
-2.413070366183668725e+01,-2.699214916491389005e+00
8.803854564683906148e+00,1.632014220342470345e+00
8.384616562645271998e+00,1.608205888260431315e+00
-1.607809862473275331e+01,-2.309615929962160585e+00
-4.822390523218521352e+00,-1.438668822210941833e+00
-1.946750711697178104e+01,-2.486003848414436668e+00
9.888680951441088496e+00,1.748382440556717654e+00
-1.079641754696393452e+00,-7.326497310820601072e-01
-2.961871204983670225e+01,-2.921673859367431625e+00
1.909371107457233041e+00,3.864943210756242031e-01
-3.143773264760894648e+01,-2.984048794324032805e+00
-1.976693604621126710e+01,-2.506420891680897878e+00
4.606088803447593527e+00,1.112648855760293820e+00
1.895936606591955398e+00,4.311322045428349625e-01
-1.819523419020059762e+00,-9.531592553654246736e-01
6.937886652024637391e-01,-1.427793238969550238e-01
-1.995735124716300035e+01,-2.513288844097949504e+00
-2.314622926158697425e+01,-2.656413974458786686e+00
-7.725774670401580835e+00,-1.729025592550836432e+00
1.290532644506192650e+00,2.304183693797554611e-01
-1.622165389245548539e+01,-2.323798943874367140e+00
-1.243795165057666097e+01,-2.100413203904387238e+00
7.603342184588045560e-01,-1.245169867682349718e-01
-3.923653307597597117e-01,-5.747406424863612528e-01
1.111486600099926170e+00,-3.685532877357289294e-03
4.234965266421453656e+00,1.068617790736156259e+00
1.216002832347188978e+00,1.153041601057216425e-01
2.180594442389244825e-01,-3.878358826040297913e-01
1.968090751465149113e+00,4.210962404389326785e-01
-1.858493280708643880e+01,-2.457358794786051348e+00
7.750008473583100077e+00,1.544236127041324735e+00
-2.781110239386747907e+01,-2.850801143301412655e+00
8.836644444074488902e+00,1.657025165328957605e+00
-3.845804464739111417e+00,-1.318035520245453673e+00
-7.048503427526328302e+00,-1.664847445462168229e+00
-7.810270025763680346e-01,-7.167363899108294412e-01
-9.327472625417120300e-01,-7.376949308630882385e-01
-7.171008264977834834e+00,-1.680513445623899038e+00
2.082417101223225764e+00,5.513274364347893197e-01
-6.345311864325517970e-01,-6.630816550219735817e-01
7.298307040361679654e+00,1.505638750616416388e+00
-5.541398572318852800e+00,-1.515763519848972285e+00
3.386636722714967185e+00,8.650403296411726117e-01
-2.579861184795865015e+01,-2.777435066948578335e+00
-8.918339262423545799e-01,-7.017901212217161344e-01
3.719518888390000111e+00,9.428939955926542993e-01
-2.430973207068079400e+00,-1.061522535407956269e+00
6.434087000191351713e+00,1.386653798447936126e+00
4.261542137478833703e-01,-2.935610157501380435e-01
1.241127018607941279e+00,1.561481903930310722e-01
2.222016688463841039e+00,5.305458751955005603e-01
-8.584742847449456704e+00,-1.812747044039277000e+00
-5.118276839691423552e-01,-6.277134340917296385e-01
8.841313481490863380e-01,-6.170080536588473663e-02
6.740911679439277826e+00,1.404318053696616886e+00
9.286694373654846846e-01,-9.296656332755315333e-02
-1.998992063931913088e-01,-5.492830172641056663e-01
1.917027171348501646e+00,4.134958852586909650e-01
3.721109355113686679e+00,9.352742010584500498e-01
-2.949222001408865523e+01,-2.912018576603045972e+00
1.200460310090581295e+01,1.924488159776484686e+00
1.038000877598504790e+00,6.627605348146836661e-02
7.677405859670360933e-01,-9.985877614429039539e-02
-1.546924728377045533e+01,-2.279436251182120454e+00
-7.465570250641911265e+00,-1.714414657518944729e+00
1.946501289426803671e+00,4.338254862529820066e-01
3.622658723765111777e+00,9.187577213654067876e-01
5.899051344838220912e-01,-1.855029170989470622e-01
2.034500581630008575e+00,4.353417982206040371e-01
-5.252934395438027537e-02,-4.409464479580007534e-01
-2.244346183715387189e-01,-5.715916724420480044e-01
8.983637995360012063e-01,-9.630286342996852156e-02
2.427877908419216801e+00,5.859671739766434406e-01
-6.442946598533052516e+00,-1.605102501991844122e+00
-2.249098310922741462e+01,-2.634919882899244392e+00
-2.409776531739824090e+00,-1.075195648985562080e+00
-8.061864874666383685e+00,-1.764509727410742634e+00
4.139396947996930365e+00,1.039710669857724312e+00
-1.075109725031637570e-01,-4.575630276870148450e-01
5.463127339003606142e-01,-2.215659741493958279e-01
-5.786485839276207521e+00,-1.552641869377731076e+00
2.947197871261147295e+00,7.707557423419824083e-01
-1.564094918902791420e+01,-2.291734764231454502e+00
4.216771802700456928e-01,-2.469891366608152339e-01
-4.670323895907165235e-01,-6.032127931531920950e-01
-5.431409486479313209e+00,-1.519172609254776596e+00
6.645330916188792791e+00,1.395054186786249595e+00
-1.861645003311445778e+00,-1.028731722729069986e+00
-3.269549000325571164e-01,-5.928939980523963982e-01
8.340929445953758403e+00,1.606910946193905509e+00
3.923409026828342805e-01,-2.372200167813534044e-01
-3.333248814936168314e-01,-6.035021029744491727e-01
-1.391974017080879866e+00,-8.874951281605643061e-01
-3.069927087702389201e+00,-1.208827797076037047e+00
9.799121240697999946e-01,-4.497482913299588603e-02
2.598754578684358663e+00,6.803621664671233304e-01
-7.086975150779243116e+00,-1.697302700689891752e+00
-8.233566722301741692e+00,-1.789154390410538031e+00
5.278131106829105690e+00,1.195743194081048344e+00
7.717193296394041724e+00,1.520804694236283616e+00
8.457381854312181702e+00,1.607600366542854431e+00
-9.366447421108533788e+00,-1.865666050573750123e+00
-2.731171043918817265e+00,-1.136212080016989034e+00
-1.689884436948139879e+01,-2.355749573432734500e+00
1.109502774342822295e+00,-2.970177819935848618e-02
5.069751063992260498e+00,1.194605204902480011e+00
-7.215242748408083884e+00,-1.697076805294432056e+00
3.800221920293037403e+00,9.566663992661954552e-01
-1.016857908911876329e+01,-1.930818012738714895e+00
1.594667220196168245e+00,2.839464405213147913e-01
-1.040031424067005661e+00,-8.190562352486319142e-01
4.576480259015045959e+00,1.110330521544659277e+00
-5.680083841922900056e+00,-1.531555614019695089e+00
-3.027061933051062326e+01,-2.936660439569117820e+00
2.436281221961646981e+00,6.431181898021347543e-01
-9.468212516796711498e+00,-1.872856240367057890e+00
1.798033195122455741e+00,3.360699770912907169e-01
-1.153865578788728463e+01,-2.034979330704857592e+00
7.806727448119657353e+00,1.553171586246737235e+00
-4.831974498951564279e+00,-1.441471141367763442e+00
1.988360757759841224e+00,3.734436581483420170e-01
-1.124505540463887243e+01,-2.007349965121676405e+00
-7.012964401285779914e+00,-1.686875179364512256e+00
3.245759811086582847e+00,8.641333755764080138e-01
-2.673858623277315605e+00,-1.136276383541012791e+00
7.328730265716592029e+00,1.495859624976324298e+00
1.038158698194104446e+01,1.777461343063628796e+00
1.041369176545473785e+01,1.797804723271099192e+00
-8.220962116240096762e+00,-1.783571929983333249e+00
9.082851032008297798e-01,-8.558304767905378085e-02
-1.238266106334412520e+01,-2.090297017693976134e+00
4.399477797196600370e+00,1.085850270659758365e+00
-1.107880107556981919e+01,-2.001710884686314529e+00
-3.913161319816231831e-01,-6.342321586849304360e-01
1.943704880045923622e-01,-4.292672454742096910e-01
-2.472203137505723092e+01,-2.722166292693922962e+00
-2.806317500634936124e+01,-2.862292248671384431e+00
7.263243261217139590e+00,1.487683130612141191e+00
5.228090471110063753e+00,1.197984559548893380e+00
-4.778272170537491981e+00,-1.447476356746618231e+00
-4.433385718019080102e+00,-1.375802378170360551e+00
-1.141707026305356187e+01,-2.017656274291851570e+00
-3.718551520827555912e+00,-1.289018497598036328e+00
-1.463933011696476250e+01,-2.236731430850739333e+00
-1.170437195188392288e+01,-2.054697894968279925e+00
-5.122289956176933501e+00,-1.499996690525063459e+00
8.614801795602382128e+00,1.624690707432080217e+00
-2.378805426858394512e+01,-2.687871661376505905e+00
-1.355528686961296470e-01,-5.147865977134884474e-01
2.221441872381578531e+00,5.909027512581008779e-01
2.419297935709841862e+00,6.329204931788456889e-01
-7.169749064411573336e+00,-1.682385706730627595e+00
-2.805849861296885628e+00,-1.128751097730557706e+00
-5.239267080294708556e+00,-1.491929175820496667e+00
-1.436905398116482679e+01,-2.220402068701731402e+00
1.074554878068944452e+00,5.356610915727166855e-02
3.968066394609376157e+00,1.007201839312410030e+00
3.763747457848393374e+00,9.621877109258289984e-01
-1.897021579847253037e+01,-2.462930733759562507e+00
-1.692337796085689305e+01,-2.366926746214423005e+00
6.305025241207240505e-02,-4.158952919680309890e-01
-2.950101403909367193e+01,-2.917775268345627282e+00
-1.949199887737790959e+00,-9.909304413449699922e-01
-2.090843165450336727e+01,-2.555780450918904823e+00
-2.512897101225735597e+01,-2.748767558253655263e+00
2.556734846335240730e-01,-2.984198373275250837e-01
-8.435393436710526771e+00,-1.800128879292712369e+00
-1.447036029933259371e+01,-2.236562505807239809e+00
-7.276850536254073631e-01,-6.987929075151591007e-01
-2.973926180063827029e+00,-1.174271279065254525e+00
3.793520432047850499e-01,-3.174868907483068270e-01
-3.777253662621551822e+00,-1.279837271443142743e+00
-2.877375180232144913e+01,-2.883856608108115172e+00
1.070261110173255048e+01,1.837472065062677018e+00
5.201325837457721590e+00,1.184909953762916857e+00
2.430536967102181922e+00,6.627948178169877913e-01
7.045894001251860050e-01,-1.947001934529479783e-01
1.685577516185406077e+00,3.295127141239522217e-01
-5.921146123201156186e+00,-1.553602577574429544e+00
-1.460889074762149598e+01,-2.237692662482216654e+00
3.093748927986580188e+00,8.051154416581174367e-01
2.380448628494667151e-01,-3.550482854276344469e-01
-5.161928127477235506e+00,-1.477053226119069418e+00
-6.490764556713707556e+00,-1.609121927219788306e+00
6.250473331995966220e+00,1.349885402032529491e+00
8.039138247287032968e+00,1.576518801863965535e+00
3.609631783891352086e+00,8.614952103259323479e-01
4.120009649715129507e-01,-3.612582538563358092e-01
-1.513043577032246123e+00,-8.936544011148934707e-01
1.165693958459744772e+00,1.394731706894130063e-01
-9.260655659566230824e+00,-1.873532549798157643e+00
-1.651391389713390723e+01,-2.335579616383257839e+00
5.711530232510545702e+00,1.266433031380183039e+00
-6.514159350617208410e+00,-1.619627195830481092e+00
2.106380615511042276e+00,5.349393245174001166e-01
8.255484932263454922e-01,-3.020962377293479051e-02
-2.384943329459871464e+01,-2.690069303202590856e+00
4.864976212037666947e+00,1.152328917024304289e+00
-3.938140933921171483e-01,-6.296278597754674244e-01
1.486837633651607371e+00,2.579817721932173846e-01
1.274690341063819687e+01,1.974162633264181288e+00
-4.363031873148254469e+00,-1.367821481132442507e+00
7.526430262795803294e+00,1.526378256013702917e+00
-6.120724855604468218e+00,-1.583519602366339596e+00
1.133056329770033699e+01,1.878862115269505750e+00
-1.421057868201736296e+00,-8.839599522821539601e-01
-8.351600005901880230e-01,-7.270322377793854152e-01
8.568927604744814852e-01,-1.145642154754846764e-01
1.293461445396895471e+01,1.994730247142172175e+00
2.450381816635750276e+00,6.160826112055404202e-01
-7.781833206009550530e+00,-1.737174833197111745e+00
1.989021295044804960e+00,4.640779709629159200e-01
1.126892890691714477e+01,1.878252718968530743e+00
2.889251883553759281e+00,7.048408527296512460e-01
1.078247477641593299e+01,1.823737175650561149e+00
7.984969792271631173e-01,-1.164173074396064322e-01
3.065941677854282954e+00,8.240645486014068766e-01
-1.917423272961797664e+01,-2.476311668334656435e+00
-1.014640022594199031e+01,-1.939617906199642805e+00
-3.097819674295091730e+01,-2.959031010387134231e+00
4.073441210083232900e-01,-1.631240702594967118e-01
-3.062210382317872970e+01,-2.952350895852275947e+00
1.087893934302543997e+00,-1.538864336699807822e-02
-3.115195706642232221e+00,-1.201907871164834107e+00
-1.338261159012172996e+01,-2.162983131818326576e+00
-7.665670541512157321e+00,-1.727418199710486046e+00
-1.895701800474724763e+01,-2.463743316524133586e+00
-2.123805905308777220e+00,-1.019608571671709152e+00
-1.417544883650868748e+01,-2.201898932339555692e+00
-1.005209265092152471e+00,-8.010486958554512427e-01
-7.263748606743832825e-01,-7.249676770166497697e-01
1.202561301994455789e+01,1.933157438651994298e+00
3.173911722438267802e+00,7.992617717629091345e-01
-3.573582802231669575e+00,-1.274311474774819208e+00
9.053706949894923639e+00,1.687518686154056979e+00
-4.527851935735877631e-01,-6.438759157648981102e-01
-3.018627922745182879e+00,-1.206692350343601117e+00
7.402788442077249398e-01,-8.738502222256894214e-02
-1.814650658504385916e+01,-2.425628974393682746e+00
-2.223376418085933182e+01,-2.610514455458787353e+00
8.167219106817710239e-01,-2.139179666394586121e-02
-3.956179750771203985e+00,-1.339747775478862479e+00
-2.087531494383800279e+01,-2.562719841981104807e+00
2.386956298156980072e+00,5.980463316180828492e-01
-4.969642200303784563e+00,-1.457551471670905929e+00
7.480292655145727387e+00,1.526667587510625701e+00
5.908619659175722738e+00,1.300498032851109542e+00
1.157708105187419623e+00,5.103924818252103535e-02
-2.092873912408625614e+01,-2.559677833256397861e+00
2.108607159139103349e+00,5.352810681336070964e-01
-3.008279211430378908e+00,-1.196544098321691507e+00
-1.227074518970005279e+01,-2.079965493363955531e+00
1.410090971809080607e+00,1.809808048608854136e-01
-1.756742994811894221e+01,-2.401444694719228501e+00
1.971548774991822350e+00,4.126486226438750293e-01
5.323246011773021813e+00,1.253255317110621547e+00
9.616528808750247626e-01,2.227358422421499284e-02
-1.904059619542460169e+01,-2.470003777156361213e+00
-1.373511148851600083e+00,-8.243710359001896748e-01
-1.861549980558632100e+01,-2.450803197707957182e+00
8.106945041246346406e+00,1.577663406068958274e+00
1.538443343336022728e+00,2.340388833449873474e-01
1.352029693224784390e+00,7.713168493280253557e-02
1.279278936618501383e+01,1.993282105231841683e+00
-1.399858720768756015e+01,-2.193591821559981003e+00
-5.482501093154480643e+00,-1.477783412559196652e+00
-7.431849227866922369e-01,-7.133847166365292480e-01
-2.774941965493805540e+01,-2.844808067446581212e+00
1.380031472269900528e+00,1.271728952978867788e-01
-7.581310619260825945e-01,-6.719477082673233070e-01
-8.286122078632317312e+00,-1.800439860455248064e+00
-8.217483629606613382e-01,-7.127684905309914498e-01
1.147140982481607097e+01,1.887271064852622082e+00
-1.639058504911112379e+01,-2.337059819456801080e+00
2.808511050663143216e+00,7.241006698407934650e-01
-3.010776462903600148e+01,-2.937070162320880584e+00
3.152785681706842702e+00,7.980799877096242945e-01
7.535735948577885202e-01,-1.384827052021049276e-01
-1.980092126627247850e+01,-2.504462117111073027e+00
-1.850098394945600688e+01,-2.447657295379760178e+00
-3.720047019620575046e+00,-1.256567256730120263e+00
-8.552969441454445487e+00,-1.800144380109000686e+00
-2.657353191832103079e+01,-2.808861384045142628e+00
-1.385609182012396268e+01,-2.186913861651996527e+00
9.614971011966170211e-01,-5.381677375460736101e-02
8.334303960510906606e+00,1.594429529856954630e+00
5.985884358612479694e+00,1.328736372868204008e+00
9.340511608079150818e+00,1.701110351129898390e+00
-8.722040207812970181e+00,-1.822893037369218261e+00
-1.673201530212454458e+01,-2.348236733976180712e+00
5.764688787439695705e-01,-2.747985387309328509e-01
-2.052170023503076735e+01,-2.547923414461010783e+00
-2.702755209302241113e+00,-1.140718820171017445e+00
3.039228009039296019e+00,7.740308563272439990e-01
1.453373878957315180e+00,2.188695110692382428e-01
2.422666952686765018e-01,-3.150826363164132005e-01
1.148928523843929961e+00,7.746815869538092869e-02
-8.194619780217559324e+00,-1.792293778070683352e+00
-1.080691003281903484e+01,-1.994524763837935533e+00
-3.914656541791706967e+00,-1.290771040255696667e+00
2.762776910290659416e+00,7.013391718581867273e-01
1.665590960320746161e+00,2.899977395624961929e-01
-2.330658797768523272e+01,-2.665995951176233447e+00
-3.055213206554182825e+00,-1.188294324232889831e+00
-1.791470282815967607e+01,-2.411677108870424302e+00
-2.689663807114448524e+00,-1.129305861566373359e+00
-4.239016627301703366e+00,-1.358095435493564374e+00
-1.616131208438987343e+01,-2.325404328820188660e+00
-1.810246460167891769e+01,-2.422306728360514416e+00
-8.833406758811642945e+00,-1.839939624056009748e+00
2.897277982548427389e+00,7.726389977367884576e-01
-9.344553650597513084e+00,-1.881855396862834429e+00
-2.040751003807427111e+01,-2.539818207691723728e+00
1.068579588138975245e+00,2.859165258743567861e-02
5.417730228421664407e+00,1.229624480283240118e+00
-3.549191764323969878e+00,-1.255162056994919118e+00
-8.851824425521855888e-01,-7.790460140882213835e-01
1.400984167544463976e-01,-3.546637779887840125e-01
7.778420198810231945e+00,1.542000138165009027e+00
-3.395562707920578571e+00,-1.241356061236547070e+00
-1.496355302426744860e+00,-8.758094088227910134e-01
6.890034281312569675e+00,1.445553897936673771e+00
-1.635699376402246941e+01,-2.333966965651784964e+00
-1.419897195582393357e+00,-8.280574019043109857e-01
5.564281699073378995e-01,-1.790644263438063710e-01
-1.079215987656314901e+01,-1.991191870294594324e+00
-1.581369118892402614e+00,-8.916960491087868590e-01
-2.054088631899767137e+01,-2.537884909992963678e+00
5.272769604341679406e-01,-2.442953159796061868e-01
-1.758181671916188460e+00,-9.482141509019248460e-01
-2.217702745597643244e+00,-1.046348331761150607e+00
2.462320668579273342e+00,6.274546961675153689e-01
-1.969421357825497543e+00,-9.964897095585474318e-01
2.083094373611622085e+00,4.807735576112475151e-01
2.983168115015412791e+00,7.571351717946157578e-01
1.331702735359105327e+00,1.259602937166448555e-01
1.159014839737661973e+01,1.894556566946092424e+00
-9.555361295613701289e-01,-7.438629993673586682e-01
-3.448971077680539121e+00,-1.216246771825443496e+00
1.387879156052864271e+00,2.286554892511833970e-01
-1.968364746783049668e+01,-2.515619145138082935e+00
-2.415351926192707666e+00,-1.100841041250566033e+00
2.671971660192804521e+00,6.660142236026342921e-01
2.072758226367402146e-02,-4.930497908876816382e-01
-2.418724513249519603e+01,-2.699533191331781268e+00
1.907324428178328590e-01,-3.947609773966949120e-01
-2.257040990727018581e+00,-1.027998303887532439e+00
-1.148484587806484569e+01,-2.022331092525174956e+00
7.067697771156346676e+00,1.458006291276129573e+00
-2.257737427980421874e+00,-1.025468093903874722e+00
2.275943346002895495e+00,5.889029758616359800e-01
-1.283044223689643104e+00,-8.358500318221864234e-01
4.562888757311839072e+00,1.096040458341821733e+00
-2.602571601875922624e+01,-2.776665635066094762e+00
-1.651199942692065292e+01,-2.342139813393487202e+00
1.778879697586466246e+00,3.958201601275632697e-01
-2.558840027585618682e+00,-1.101200015045430636e+00
-8.165681873635557864e+00,-1.780122731369388145e+00
-2.096306522684624341e+01,-2.558373637764931097e+00
-4.472044559408576425e-02,-4.883595342937878669e-01
1.702718487050787766e-01,-3.054669834431984476e-01
1.168040704290641330e+01,1.925419280704120162e+00
-1.445021544863000607e+01,-2.227073038896107082e+00
-7.802572653529400881e+00,-1.751314194546690572e+00
1.884091309910018053e+00,4.012705485174139497e-01
-1.634788227501852154e+00,-8.949650421631227815e-01
-1.539571835427672397e+01,-2.279542719964480213e+00
1.300868701303235175e+00,1.420402647508769434e-01
9.011991683391460395e-01,-1.060529894666339956e-02
3.303341542087880889e+00,8.504198542580603259e-01
1.669101599727898400e+00,3.357693204822256305e-01
6.920713873274964456e+00,1.454562472743043955e+00
3.537755430978212878e+00,9.069051255458999705e-01
6.370275741797134295e+00,1.361168678257604014e+00
-4.562443550320971042e+00,-1.380224968657411511e+00
5.526862726664343306e+00,1.242767647422919453e+00
-2.956154972746555387e+01,-2.917751612873416889e+00
4.401416702496883659e-01,-2.227848044310141162e-01
5.622630317925838561e-01,-2.079995704244255172e-01
-1.225517614362152585e+01,-2.090408216088322391e+00
-1.242912977858786761e+01,-2.099282322758774466e+00
-2.818717861862872809e+01,-2.857823444056619255e+00
6.216150538213680576e+00,1.345665681153124460e+00
-4.767698118777343730e+00,-1.442296993752036016e+00
1.500768457819370960e+00,2.902517218942675115e-01
1.273118905065111761e+01,1.991401233161002260e+00
4.043230605928178623e-01,-2.521365386601326364e-01
-6.085819472510202388e+00,-1.574886422924434370e+00
-4.348305483210853417e+00,-1.387664177563805001e+00
2.830415343317170151e+00,7.437344737521973670e-01
4.356258104177196167e+00,1.062226300083150221e+00
-7.711260861762403440e-01,-6.484101261388293125e-01
1.288979210268386688e-01,-4.500062440792773621e-01
